[{"id":484,"text":"Other Store-Based Retailing n.e.c. (ANZSIC Code: 4279)","parent":479},{"id":485,"text":"Non-Store Retailing and Retail Commission-Based Buying and\/or Selling (ANZSIC Code: 43)","parent":433},{"id":486,"text":"Non-Store Retailing (ANZSIC Code: 431)","parent":485},{"id":487,"text":"Non-Store Retailing (ANZSIC Code: 4310)","parent":486},{"id":488,"text":"Retail Commission-Based Buying and\/or Selling (ANZSIC Code: 432)","parent":485},{"id":489,"text":"Retail Commission-Based Buying and\/or Selling (ANZSIC Code: 4320)","parent":488},{"id":490,"text":"Accommodation and Food Services (ANZSIC Code: H)","parent":"#"},{"id":491,"text":"Accommodation (ANZSIC Code: 44)","parent":490},{"id":492,"text":"Accommodation (ANZSIC Code: 440)","parent":491},{"id":493,"text":"Accommodation (ANZSIC Code: 4400)","parent":492},{"id":494,"text":"Food and Beverage Services (ANZSIC Code: 45)","parent":490},{"id":495,"text":"Cafes, Restaurants and Takeaway Food Services (ANZSIC Code: 451)","parent":494},{"id":496,"text":"Cafes and Restaurants (ANZSIC Code: 4511)","parent":495},{"id":497,"text":"Takeaway Food Services (ANZSIC Code: 4512)","parent":495},{"id":498,"text":"Catering Services (ANZSIC Code: 4513)","parent":495},{"id":499,"text":"Pubs, Taverns and Bars (ANZSIC Code: 452)","parent":494},{"id":500,"text":"Pubs, Taverns and Bars (ANZSIC Code: 4520)","parent":499},{"id":501,"text":"Clubs  (Hospitality) (ANZSIC Code: 453)","parent":494},{"id":502,"text":"Clubs  (Hospitality) (ANZSIC Code: 4530)","parent":501},{"id":503,"text":"Transport, Postal and Warehousing (ANZSIC Code: I)","parent":"#"},{"id":504,"text":"Road Transport (ANZSIC Code: 46)","parent":503},{"id":505,"text":"Road Freight Transport (ANZSIC Code: 461)","parent":504},{"id":506,"text":"Road Freight Transport (ANZSIC Code: 4610)","parent":505},{"id":507,"text":"Road Passenger Transport (ANZSIC Code: 462)","parent":504},{"id":508,"text":"Interurban and Rural Bus Transport (ANZSIC Code: 4621)","parent":507},{"id":509,"text":"Urban Bus Transport  (Including Tramway) (ANZSIC Code: 4622)","parent":507},{"id":510,"text":"Taxi and Other Road Transport (ANZSIC Code: 4623)","parent":507},{"id":511,"text":"Rail Transport (ANZSIC Code: 47)","parent":503},{"id":512,"text":"Rail Freight Transport (ANZSIC Code: 471)","parent":511},{"id":513,"text":"Rail Freight Transport (ANZSIC Code: 4710)","parent":512},{"id":514,"text":"Rail Passenger Transport (ANZSIC Code: 472)","parent":511},{"id":515,"text":"Rail Passenger Transport (ANZSIC Code: 4720)","parent":514},{"id":516,"text":"Water Transport (ANZSIC Code: 48)","parent":503},{"id":517,"text":"Water Freight Transport (ANZSIC Code: 481)","parent":516},{"id":518,"text":"Water Freight Transport (ANZSIC Code: 4810)","parent":517},{"id":519,"text":"Water Passenger Transport (ANZSIC Code: 482)","parent":516},{"id":520,"text":"Water Passenger Transport (ANZSIC Code: 4820)","parent":519},{"id":521,"text":"Air and Space Transport (ANZSIC Code: 49)","parent":503},{"id":522,"text":"Air and Space Transport (ANZSIC Code: 490)","parent":521},{"id":523,"text":"Air and Space Transport (ANZSIC Code: 4900)","parent":522},{"id":524,"text":"Other Transport (ANZSIC Code: 50)","parent":503},{"id":525,"text":"Scenic and Sightseeing Transport (ANZSIC Code: 501)","parent":524},{"id":526,"text":"Scenic and Sightseeing Transport (ANZSIC Code: 5010)","parent":525},{"id":527,"text":"Pipeline and Other Transport (ANZSIC Code: 502)","parent":524},{"id":528,"text":"Pipeline Transport (ANZSIC Code: 5021)","parent":527},{"id":529,"text":"Other Transport n.e.c. (ANZSIC Code: 5029)","parent":527},{"id":530,"text":"Postal and Courier Pick-up and Delivery Services (ANZSIC Code: 51)","parent":503},{"id":531,"text":"Postal and Courier Pick-up and Delivery Services (ANZSIC Code: 510)","parent":530},{"id":532,"text":"Postal Services (ANZSIC Code: 5101)","parent":531},{"id":533,"text":"Courier Pick-up and Delivery Services (ANZSIC Code: 5102)","parent":531},{"id":534,"text":"Transport Support Services (ANZSIC Code: 52)","parent":503},{"id":535,"text":"Water Transport Support Services (ANZSIC Code: 521)","parent":534},{"id":536,"text":"Stevedoring Services (ANZSIC Code: 5211)","parent":535},{"id":537,"text":"Port and Water Transport Terminal Operations (ANZSIC Code: 5212)","parent":535},{"id":538,"text":"Other Water Transport Support Services (ANZSIC Code: 5219)","parent":535},{"id":539,"text":"Airport Operations and Other Air Transport Support Services (ANZSIC Code: 522)","parent":534},{"id":540,"text":"Airport Operations and Other Air Transport Support Services (ANZSIC Code: 5220)","parent":539},{"id":541,"text":"Other Transport Support Services (ANZSIC Code: 529)","parent":534},{"id":542,"text":"Customs Agency Services (ANZSIC Code: 5291)","parent":541},{"id":543,"text":"Freight Forwarding Services (ANZSIC Code: 5292)","parent":541},{"id":544,"text":"Other Transport Support Services n.e.c. (ANZSIC Code: 5299)","parent":541},{"id":545,"text":"Warehousing and Storage Services (ANZSIC Code: 53)","parent":503},{"id":546,"text":"Warehousing and Storage Services (ANZSIC Code: 530)","parent":545},{"id":547,"text":"Grain Storage Services (ANZSIC Code: 5301)","parent":546},{"id":548,"text":"Other Warehousing and Storage Services (ANZSIC Code: 5309)","parent":546},{"id":549,"text":"Information Media and Telecommunications (ANZSIC Code: J)","parent":"#"},{"id":550,"text":"Publishing  (except Internet and Music Publishing) (ANZSIC Code: 54)","parent":549},{"id":551,"text":"Newspaper, Periodical, Book and Directory Publishing (ANZSIC Code: 541)","parent":550},{"id":552,"text":"Newspaper Publishing (ANZSIC Code: 5411)","parent":551},{"id":553,"text":"Magazine and Other Periodical Publishing (ANZSIC Code: 5412)","parent":551},{"id":554,"text":"Book Publishing (ANZSIC Code: 5413)","parent":551},{"id":555,"text":"Directory and Mailing List Publishing (ANZSIC Code: 5414)","parent":551},{"id":556,"text":"Other Publishing  (except Software, Music and Internet) (ANZSIC Code: 5419)","parent":551},{"id":557,"text":"Software Publishing (ANZSIC Code: 542)","parent":550},{"id":558,"text":"Software Publishing (ANZSIC Code: 5420)","parent":557},{"id":559,"text":"Motion Picture and Sound Recording Activities (ANZSIC Code: 55)","parent":549},{"id":560,"text":"Motion Picture and Video Activities (ANZSIC Code: 551)","parent":559},{"id":561,"text":"Motion Picture and Video Production (ANZSIC Code: 5511)","parent":560},{"id":562,"text":"Motion Picture and Video Distribution (ANZSIC Code: 5512)","parent":560},{"id":563,"text":"Motion Picture Exhibition (ANZSIC Code: 5513)","parent":560},{"id":564,"text":"Post-production Services and Other Motion Picture and Video Activities (ANZSIC Code: 5514)","parent":560},{"id":565,"text":"Sound Recording and Music Publishing (ANZSIC Code: 552)","parent":559},{"id":566,"text":"Music Publishing (ANZSIC Code: 5521)","parent":565},{"id":567,"text":"Music and Other Sound Recording Activities (ANZSIC Code: 5522)","parent":565},{"id":568,"text":"Broadcasting  (except Internet) (ANZSIC Code: 56)","parent":549},{"id":569,"text":"Radio Broadcasting (ANZSIC Code: 561)","parent":568},{"id":570,"text":"Radio Broadcasting (ANZSIC Code: 5610)","parent":569},{"id":571,"text":"Television Broadcasting (ANZSIC Code: 562)","parent":568},{"id":572,"text":"Free-to-Air Television Broadcasting (ANZSIC Code: 5621)","parent":571},{"id":573,"text":"Cable and Other Subscription Broadcasting (ANZSIC Code: 5622)","parent":571},{"id":574,"text":"Internet Publishing and Broadcasting (ANZSIC Code: 57)","parent":549},{"id":575,"text":"Internet Publishing and Broadcasting (ANZSIC Code: 570)","parent":574},{"id":576,"text":"Internet Publishing and Broadcasting (ANZSIC Code: 5700)","parent":575},{"id":577,"text":"Telecommunications Services (ANZSIC Code: 58)","parent":549},{"id":578,"text":"Telecommunications Services (ANZSIC Code: 580)","parent":577},{"id":579,"text":"Wired Telecommunications Network Operation (ANZSIC Code: 5801)","parent":578},{"id":580,"text":"Other Telecommunications Network Operation (ANZSIC Code: 5802)","parent":578},{"id":581,"text":"Other Telecommunications Services (ANZSIC Code: 5809)","parent":578},{"id":582,"text":"Internet Service Providers, Web Search Portals and Data Processing Services (ANZSIC Code: 59)","parent":549},{"id":583,"text":"Internet Service Providers and Web Search Portals (ANZSIC Code: 591)","parent":582},{"id":584,"text":"Internet Service Providers and Web Search Portals (ANZSIC Code: 5910)","parent":583},{"id":585,"text":"Data Processing, Web Hosting and Electronic Information Storage Services (ANZSIC Code: 592)","parent":582},{"id":586,"text":"Data Processing and Web Hosting Services (ANZSIC Code: 5921)","parent":585},{"id":587,"text":"Electronic Information Storage Services (ANZSIC Code: 5922)","parent":585},{"id":588,"text":"Library and Other Information Services (ANZSIC Code: 60)","parent":549},{"id":589,"text":"Libraries and Archives (ANZSIC Code: 601)","parent":588},{"id":590,"text":"Libraries and Archives (ANZSIC Code: 6010)","parent":589},{"id":591,"text":"Other Information Services (ANZSIC Code: 602)","parent":588},{"id":592,"text":"Other Information Services (ANZSIC Code: 6020)","parent":591},{"id":593,"text":"Financial and Insurance Services (ANZSIC Code: K)","parent":"#"},{"id":594,"text":"Finance (ANZSIC Code: 62)","parent":593},{"id":595,"text":"Central Banking (ANZSIC Code: 621)","parent":594},{"id":596,"text":"Central Banking (ANZSIC Code: 6210)","parent":595},{"id":597,"text":"Depository Financial Intermediation (ANZSIC Code: 622)","parent":594},{"id":598,"text":"Banking (ANZSIC Code: 6221)","parent":597},{"id":599,"text":"Building Society Operation (ANZSIC Code: 6222)","parent":597},{"id":600,"text":"Credit Union Operation (ANZSIC Code: 6223)","parent":597},{"id":601,"text":"Other Depository Financial Intermediation (ANZSIC Code: 6229)","parent":597},{"id":602,"text":"Non-Depository Financing (ANZSIC Code: 623)","parent":594},{"id":603,"text":"Non-Depository Financing (ANZSIC Code: 6230)","parent":602},{"id":604,"text":"Financial Asset Investing (ANZSIC Code: 624)","parent":594},{"id":605,"text":"Financial Asset Investing (ANZSIC Code: 6240)","parent":604},{"id":606,"text":"Insurance and Superannuation Funds (ANZSIC Code: 63)","parent":593},{"id":607,"text":"Life Insurance (ANZSIC Code: 631)","parent":606},{"id":608,"text":"Life Insurance (ANZSIC Code: 6310)","parent":607},{"id":609,"text":"Health and General Insurance (ANZSIC Code: 632)","parent":606},{"id":610,"text":"Health Insurance (ANZSIC Code: 6321)","parent":609},{"id":611,"text":"General Insurance (ANZSIC Code: 6322)","parent":609},{"id":612,"text":"Superannuation Funds (ANZSIC Code: 633)","parent":606},{"id":613,"text":"Superannuation Funds (ANZSIC Code: 6330)","parent":612},{"id":614,"text":"Auxiliary Finance and Insurance Services (ANZSIC Code: 64)","parent":593},{"id":615,"text":"Auxiliary Finance and Investment Services (ANZSIC Code: 641)","parent":614},{"id":616,"text":"Financial Asset Broking Services (ANZSIC Code: 6411)","parent":615},{"id":617,"text":"Other Auxiliary Finance and Investment Services (ANZSIC Code: 6419)","parent":615},{"id":618,"text":"Auxiliary Insurance Services (ANZSIC Code: 642)","parent":614},{"id":619,"text":"Auxiliary Insurance Services (ANZSIC Code: 6420)","parent":618},{"id":620,"text":"Rental, Hiring and Real Estate Services (ANZSIC Code: L)","parent":"#"},{"id":621,"text":"Rental and Hiring Services  (except Real Estate) (ANZSIC Code: 66)","parent":620},{"id":622,"text":"Motor Vehicle and Transport Equipment Rental and Hiring (ANZSIC Code: 661)","parent":621},{"id":623,"text":"Passenger Car Rental and Hiring (ANZSIC Code: 6611)","parent":622},{"id":624,"text":"Other Motor Vehicle and Transport Equipment Rental and Hiring (ANZSIC Code: 6619)","parent":622},{"id":625,"text":"Farm Animal and Bloodstock Leasing (ANZSIC Code: 662)","parent":621},{"id":626,"text":"Farm Animal and Bloodstock Leasing (ANZSIC Code: 6620)","parent":625},{"id":627,"text":"Other Goods and Equipment Rental and Hiring (ANZSIC Code: 663)","parent":621},{"id":628,"text":"Heavy Machinery and Scaffolding Rental and Hiring (ANZSIC Code: 6631)","parent":627},{"id":629,"text":"Video and Other Electronic Media Rental and Hiring (ANZSIC Code: 6632)","parent":627},{"id":630,"text":"Other Goods and Equipment Rental and Hiring n.e.c. (ANZSIC Code: 6639)","parent":627},{"id":631,"text":"Non-Financial Intangible Assets  (Except Copyrights) Leasing (ANZSIC Code: 664)","parent":621},{"id":632,"text":"Non-Financial Intangible Assets  (Except Copyrights) Leasing (ANZSIC Code: 6640)","parent":631},{"id":633,"text":"Property Operators and Real Estate Services (ANZSIC Code: 67)","parent":620},{"id":634,"text":"Property Operators (ANZSIC Code: 671)","parent":633},{"id":635,"text":"Residential Property Operators (ANZSIC Code: 6711)","parent":634},{"id":636,"text":"Non-Residential Property Operators (ANZSIC Code: 6712)","parent":634},{"id":637,"text":"Real Estate Services (ANZSIC Code: 672)","parent":633},{"id":638,"text":"Real Estate Services (ANZSIC Code: 6720)","parent":637},{"id":639,"text":"Professional, Scientific and Technical Services (ANZSIC Code: M)","parent":"#"},{"id":640,"text":"Professional, Scientific and Technical Services  (Except Computer System Design and Related Services) (ANZSIC Code: 69)","parent":639},{"id":641,"text":"Scientific Research Services (ANZSIC Code: 691)","parent":640},{"id":642,"text":"Scientific Research Services (ANZSIC Code: 6910)","parent":641},{"id":643,"text":"Architectural, Engineering and Technical Services (ANZSIC Code: 692)","parent":640},{"id":644,"text":"Architectural Services (ANZSIC Code: 6921)","parent":643},{"id":645,"text":"Surveying and Mapping Services (ANZSIC Code: 6922)","parent":643},{"id":646,"text":"Engineering Design and Engineering Consulting Services (ANZSIC Code: 6923)","parent":643},{"id":647,"text":"Other Specialised Design Services (ANZSIC Code: 6924)","parent":643},{"id":648,"text":"Scientific Testing and Analysis Services (ANZSIC Code: 6925)","parent":643},{"id":649,"text":"Legal and Accounting Services (ANZSIC Code: 693)","parent":640},{"id":650,"text":"Legal Services (ANZSIC Code: 6931)","parent":649},{"id":651,"text":"Accounting Services (ANZSIC Code: 6932)","parent":649},{"id":652,"text":"Advertising Services (ANZSIC Code: 694)","parent":640},{"id":653,"text":"Advertising Services (ANZSIC Code: 6940)","parent":652},{"id":654,"text":"Market Research and Statistical Services (ANZSIC Code: 695)","parent":640},{"id":655,"text":"Market Research and Statistical Services (ANZSIC Code: 6950)","parent":654},{"id":656,"text":"Management and Related Consulting Services (ANZSIC Code: 696)","parent":640},{"id":657,"text":"Corporate Head Office Management Services (ANZSIC Code: 6961)","parent":656},{"id":658,"text":"Management Advice and Related Consulting Services (ANZSIC Code: 6962)","parent":656},{"id":659,"text":"Veterinary Services (ANZSIC Code: 697)","parent":640},{"id":660,"text":"Veterinary Services (ANZSIC Code: 6970)","parent":659},{"id":661,"text":"Other Professional, Scientific and Technical Services (ANZSIC Code: 699)","parent":640},{"id":662,"text":"Professional Photographic Services (ANZSIC Code: 6991)","parent":661},{"id":663,"text":"Other Professional, Scientific and Technical Services n.e.c. (ANZSIC Code: 6999)","parent":661},{"id":664,"text":"Computer System Design and Related Services (ANZSIC Code: 70)","parent":639},{"id":1,"text":"Agriculture, Forestry and Fishing (ANZSIC Code: A)","parent":"#"},{"id":2,"text":"Agriculture (ANZSIC Code: 01)","parent":1},{"id":3,"text":"Nursery and Floriculture Production (ANZSIC Code: 011)","parent":2},{"id":4,"text":"Nursery Production  (Under Cover) (ANZSIC Code: 0111)","parent":3},{"id":5,"text":"Nursery Production  (Outdoors) (ANZSIC Code: 0112)","parent":3},{"id":6,"text":"Turf Growing (ANZSIC Code: 0113)","parent":3},{"id":7,"text":"Floriculture Production  (Under Cover) (ANZSIC Code: 0114)","parent":3},{"id":8,"text":"Floriculture Production  (Outdoors) (ANZSIC Code: 0115)","parent":3},{"id":9,"text":"Mushroom and Vegetable Growing (ANZSIC Code: 012)","parent":2},{"id":10,"text":"Mushroom Growing (ANZSIC Code: 0121)","parent":9},{"id":11,"text":"Vegetable Growing  (Under Cover) (ANZSIC Code: 0122)","parent":9},{"id":12,"text":"Vegetable Growing  (Outdoors) (ANZSIC Code: 0123)","parent":9},{"id":13,"text":"Fruit and Tree Nut Growing (ANZSIC Code: 013)","parent":2},{"id":14,"text":"Grape Growing (ANZSIC Code: 0131)","parent":13},{"id":15,"text":"Kiwifruit Growing (ANZSIC Code: 0132)","parent":13},{"id":16,"text":"Berry Fruit Growing (ANZSIC Code: 0133)","parent":13},{"id":17,"text":"Apple and Pear Growing (ANZSIC Code: 0134)","parent":13},{"id":18,"text":"Stone Fruit Growing (ANZSIC Code: 0135)","parent":13},{"id":19,"text":"Citrus Fruit Growing (ANZSIC Code: 0136)","parent":13},{"id":20,"text":"Olive Growing (ANZSIC Code: 0137)","parent":13},{"id":21,"text":"Other Fruit and Tree Nut Growing (ANZSIC Code: 0139)","parent":13},{"id":22,"text":"Sheep, Beef Cattle and Grain Farming (ANZSIC Code: 014)","parent":2},{"id":23,"text":"Sheep Farming  (Specialised) (ANZSIC Code: 0141)","parent":22},{"id":24,"text":"Beef Cattle Farming  (Specialised) (ANZSIC Code: 0142)","parent":22},{"id":25,"text":"Beef Cattle Feedlots  (Specialised) (ANZSIC Code: 0143)","parent":22},{"id":26,"text":"Sheep-Beef Cattle Farming (ANZSIC Code: 0144)","parent":22},{"id":27,"text":"Grain-Sheep or Grain-Beef Cattle Farming (ANZSIC Code: 0145)","parent":22},{"id":28,"text":"Rice Growing (ANZSIC Code: 0146)","parent":22},{"id":29,"text":"Other Grain Growing (ANZSIC Code: 0149)","parent":22},{"id":30,"text":"Other Crop Growing (ANZSIC Code: 015)","parent":2},{"id":31,"text":"Sugar Cane Growing (ANZSIC Code: 0151)","parent":30},{"id":32,"text":"Cotton Growing (ANZSIC Code: 0152)","parent":30},{"id":33,"text":"Other Crop Growing n.e.c. (ANZSIC Code: 0159)","parent":30},{"id":34,"text":"Dairy Cattle Farming (ANZSIC Code: 016)","parent":2},{"id":35,"text":"Dairy Cattle Farming (ANZSIC Code: 0160)","parent":34},{"id":36,"text":"Poultry Farming (ANZSIC Code: 017)","parent":2},{"id":37,"text":"Poultry Farming  (Meat) (ANZSIC Code: 0171)","parent":36},{"id":38,"text":"Poultry Farming  (Eggs) (ANZSIC Code: 0172)","parent":36},{"id":39,"text":"Deer Farming (ANZSIC Code: 018)","parent":2},{"id":40,"text":"Deer Farming (ANZSIC Code: 0180)","parent":39},{"id":41,"text":"Other Livestock Farming (ANZSIC Code: 019)","parent":2},{"id":42,"text":"Horse Farming (ANZSIC Code: 0191)","parent":41},{"id":43,"text":"Pig Farming (ANZSIC Code: 0192)","parent":41},{"id":44,"text":"Beekeeping (ANZSIC Code: 0193)","parent":41},{"id":45,"text":"Other Livestock Farming n.e.c. (ANZSIC Code: 0199)","parent":41},{"id":46,"text":"Aquaculture (ANZSIC Code: 02)","parent":1},{"id":47,"text":"Aquaculture (ANZSIC Code: 020)","parent":46},{"id":48,"text":"Offshore Longline and Rack Aquaculture (ANZSIC Code: 0201)","parent":47},{"id":49,"text":"Offshore Caged Aquaculture (ANZSIC Code: 0202)","parent":47},{"id":50,"text":"Onshore Aquaculture (ANZSIC Code: 0203)","parent":47},{"id":51,"text":"Forestry and Logging (ANZSIC Code: 03)","parent":1},{"id":52,"text":"Forestry and Logging (ANZSIC Code: 030)","parent":51},{"id":53,"text":"Forestry (ANZSIC Code: 0301)","parent":52},{"id":54,"text":"Logging (ANZSIC Code: 0302)","parent":52},{"id":55,"text":"Fishing, Hunting and Trapping (ANZSIC Code: 04)","parent":1},{"id":56,"text":"Fishing (ANZSIC Code: 041)","parent":55},{"id":57,"text":"Rock Lobster and Crab Potting (ANZSIC Code: 0411)","parent":56},{"id":58,"text":"Prawn Fishing (ANZSIC Code: 0412)","parent":56},{"id":59,"text":"Line Fishing (ANZSIC Code: 0413)","parent":56},{"id":60,"text":"Fish Trawling, Seining and Netting (ANZSIC Code: 0414)","parent":56},{"id":61,"text":"Other Fishing (ANZSIC Code: 0419)","parent":56},{"id":62,"text":"Hunting and Trapping (ANZSIC Code: 042)","parent":55},{"id":63,"text":"Hunting and Trapping (ANZSIC Code: 0420)","parent":62},{"id":64,"text":"Agriculture, Forestry and Fishing Support Services (ANZSIC Code: 05)","parent":1},{"id":65,"text":"Forestry Support Services (ANZSIC Code: 051)","parent":64},{"id":66,"text":"Forestry Support Services (ANZSIC Code: 0510)","parent":65},{"id":67,"text":"Agriculture and Fishing Support Services (ANZSIC Code: 052)","parent":64},{"id":68,"text":"Cotton Ginning (ANZSIC Code: 0521)","parent":67},{"id":69,"text":"Shearing Services (ANZSIC Code: 0522)","parent":67},{"id":70,"text":"Other Agriculture and Fishing Support Services (ANZSIC Code: 0529)","parent":67},{"id":71,"text":"Mining (ANZSIC Code: B)","parent":"#"},{"id":72,"text":"Coal Mining (ANZSIC Code: 06)","parent":71},{"id":73,"text":"Coal Mining (ANZSIC Code: 060)","parent":72},{"id":74,"text":"Coal Mining (ANZSIC Code: 0600)","parent":73},{"id":75,"text":"Oil and Gas Extraction (ANZSIC Code: 07)","parent":71},{"id":76,"text":"Oil and Gas Extraction (ANZSIC Code: 070)","parent":75},{"id":77,"text":"Oil and Gas Extraction (ANZSIC Code: 0700)","parent":76},{"id":78,"text":"Metal Ore Mining (ANZSIC Code: 08)","parent":71},{"id":79,"text":"Metal Ore Mining (ANZSIC Code: 080)","parent":78},{"id":80,"text":"Iron Ore Mining (ANZSIC Code: 0801)","parent":79},{"id":81,"text":"Bauxite Mining (ANZSIC Code: 0802)","parent":79},{"id":82,"text":"Copper Ore Mining (ANZSIC Code: 0803)","parent":79},{"id":83,"text":"Gold Ore Mining (ANZSIC Code: 0804)","parent":79},{"id":84,"text":"Mineral Sand Mining (ANZSIC Code: 0805)","parent":79},{"id":85,"text":"Nickel Ore Mining (ANZSIC Code: 0806)","parent":79},{"id":86,"text":"Silver-Lead-Zinc Ore Mining (ANZSIC Code: 0807)","parent":79},{"id":87,"text":"Other Metal Ore Mining (ANZSIC Code: 0809)","parent":79},{"id":88,"text":"Non-Metallic Mineral Mining and Quarrying (ANZSIC Code: 09)","parent":71},{"id":89,"text":"Construction Material Mining (ANZSIC Code: 091)","parent":88},{"id":90,"text":"Gravel and Sand Quarrying (ANZSIC Code: 0911)","parent":89},{"id":91,"text":"Other Construction Material Mining (ANZSIC Code: 0919)","parent":89},{"id":92,"text":"Other Non-Metallic Mineral Mining and Quarrying (ANZSIC Code: 099)","parent":88},{"id":93,"text":"Other Non-Metallic Mineral Mining and Quarrying (ANZSIC Code: 0990)","parent":92},{"id":94,"text":"Exploration and Other Mining Support Services (ANZSIC Code: 10)","parent":71},{"id":95,"text":"Exploration (ANZSIC Code: 101)","parent":94},{"id":96,"text":"Petroleum Exploration (ANZSIC Code: 1011)","parent":95},{"id":97,"text":"Mineral Exploration (ANZSIC Code: 1012)","parent":95},{"id":98,"text":"Other Mining Support Services (ANZSIC Code: 109)","parent":94},{"id":99,"text":"Other Mining Support Services (ANZSIC Code: 1090)","parent":98},{"id":100,"text":"Manufacturing (ANZSIC Code: C)","parent":"#"},{"id":101,"text":"Food Product Manufacturing (ANZSIC Code: 11)","parent":100},{"id":102,"text":"Meat and Meat Product Manufacturing (ANZSIC Code: 111)","parent":101},{"id":103,"text":"Meat Processing (ANZSIC Code: 1111)","parent":102},{"id":104,"text":"Poultry Processing (ANZSIC Code: 1112)","parent":102},{"id":105,"text":"Cured Meat and Smallgoods Manufacturing (ANZSIC Code: 1113)","parent":102},{"id":106,"text":"Seafood Processing (ANZSIC Code: 112)","parent":101},{"id":107,"text":"Seafood Processing (ANZSIC Code: 1120)","parent":106},{"id":108,"text":"Dairy Product Manufacturing (ANZSIC Code: 113)","parent":101},{"id":109,"text":"Milk and Cream Processing (ANZSIC Code: 1131)","parent":108},{"id":110,"text":"Ice Cream Manufacturing (ANZSIC Code: 1132)","parent":108},{"id":111,"text":"Cheese and Other Dairy Product Manufacturing (ANZSIC Code: 1133)","parent":108},{"id":112,"text":"Fruit and Vegetable Processing (ANZSIC Code: 114)","parent":101},{"id":113,"text":"Fruit and Vegetable Processing (ANZSIC Code: 1140)","parent":112},{"id":114,"text":"Oil and Fat Manufacturing (ANZSIC Code: 115)","parent":101},{"id":115,"text":"Oil and Fat Manufacturing (ANZSIC Code: 1150)","parent":114},{"id":116,"text":"Grain Mill and Cereal Product Manufacturing (ANZSIC Code: 116)","parent":101},{"id":117,"text":"Grain Mill Product Manufacturing (ANZSIC Code: 1161)","parent":116},{"id":118,"text":"Cereal, Pasta and Baking Mix Manufacturing (ANZSIC Code: 1162)","parent":116},{"id":119,"text":"Bakery Product Manufacturing (ANZSIC Code: 117)","parent":101},{"id":120,"text":"Bread Manufacturing  (Factory based) (ANZSIC Code: 1171)","parent":119},{"id":121,"text":"Cake and Pastry Manufacturing  (Factory based) (ANZSIC Code: 1172)","parent":119},{"id":122,"text":"Biscuit Manufacturing  (Factory based) (ANZSIC Code: 1173)","parent":119},{"id":123,"text":"Bakery Product Manufacturing  (Non-factory based) (ANZSIC Code: 1174)","parent":119},{"id":124,"text":"Sugar and Confectionery Manufacturing (ANZSIC Code: 118)","parent":101},{"id":125,"text":"Sugar Manufacturing (ANZSIC Code: 1181)","parent":124},{"id":126,"text":"Confectionery Manufacturing (ANZSIC Code: 1182)","parent":124},{"id":127,"text":"Other Food Product Manufacturing (ANZSIC Code: 119)","parent":101},{"id":128,"text":"Potato, Corn and Other Crisp Manufacturing (ANZSIC Code: 1191)","parent":127},{"id":129,"text":"Prepared Animal and Bird Feed Manufacturing (ANZSIC Code: 1192)","parent":127},{"id":130,"text":"Other Food Product Manufacturing n.e.c. (ANZSIC Code: 1199)","parent":127},{"id":131,"text":"Beverage and Tobacco Product Manufacturing (ANZSIC Code: 12)","parent":100},{"id":132,"text":"Beverage Manufacturing (ANZSIC Code: 121)","parent":131},{"id":133,"text":"Soft Drink, Cordial and Syrup Manufacturing (ANZSIC Code: 1211)","parent":132},{"id":134,"text":"Beer Manufacturing (ANZSIC Code: 1212)","parent":132},{"id":135,"text":"Spirit Manufacturing (ANZSIC Code: 1213)","parent":132},{"id":136,"text":"Wine and Other Alcoholic Beverage Manufacturing (ANZSIC Code: 1214)","parent":132},{"id":137,"text":"Cigarette and Tobacco Product Manufacturing (ANZSIC Code: 122)","parent":131},{"id":138,"text":"Cigarette and Tobacco Product Manufacturing (ANZSIC Code: 1220)","parent":137},{"id":139,"text":"Textile, Leather, Clothing and Footwear Manufacturing (ANZSIC Code: 13)","parent":100},{"id":140,"text":"Textile Manufacturing (ANZSIC Code: 131)","parent":139},{"id":141,"text":"Wool Scouring (ANZSIC Code: 1311)","parent":140},{"id":142,"text":"Natural Textile Manufacturing (ANZSIC Code: 1312)","parent":140},{"id":143,"text":"Synthetic Textile Manufacturing (ANZSIC Code: 1313)","parent":140},{"id":144,"text":"Leather Tanning, Fur Dressing and Leather Product Manufacturing (ANZSIC Code: 132)","parent":139},{"id":145,"text":"Leather Tanning, Fur Dressing and Leather Product Manufacturing (ANZSIC Code: 1320)","parent":144},{"id":146,"text":"Textile Product Manufacturing (ANZSIC Code: 133)","parent":139},{"id":147,"text":"Textile Floor Covering Manufacturing (ANZSIC Code: 1331)","parent":146},{"id":148,"text":"Rope, Cordage and Twine Manufacturing (ANZSIC Code: 1332)","parent":146},{"id":149,"text":"Cut and Sewn Textile Product Manufacturing (ANZSIC Code: 1333)","parent":146},{"id":150,"text":"Textile Finishing and Other Textile Product Manufacturing (ANZSIC Code: 1334)","parent":146},{"id":151,"text":"Knitted Product Manufacturing (ANZSIC Code: 134)","parent":139},{"id":152,"text":"Knitted Product Manufacturing (ANZSIC Code: 1340)","parent":151},{"id":153,"text":"Clothing and Footwear Manufacturing (ANZSIC Code: 135)","parent":139},{"id":154,"text":"Clothing Manufacturing (ANZSIC Code: 1351)","parent":153},{"id":155,"text":"Footwear Manufacturing (ANZSIC Code: 1352)","parent":153},{"id":156,"text":"Wood Product Manufacturing (ANZSIC Code: 14)","parent":100},{"id":157,"text":"Log Sawmilling and Timber Dressing (ANZSIC Code: 141)","parent":156},{"id":158,"text":"Log Sawmilling (ANZSIC Code: 1411)","parent":157},{"id":159,"text":"Wood Chipping (ANZSIC Code: 1412)","parent":157},{"id":160,"text":"Timber Resawing and Dressing (ANZSIC Code: 1413)","parent":157},{"id":161,"text":"Other Wood Product Manufacturing (ANZSIC Code: 149)","parent":156},{"id":162,"text":"Prefabricated Wooden Building Manufacturing (ANZSIC Code: 1491)","parent":161},{"id":163,"text":"Wooden Structural Fitting and Component Manufacturing (ANZSIC Code: 1492)","parent":161},{"id":164,"text":"Veneer and Plywood Manufacturing (ANZSIC Code: 1493)","parent":161},{"id":165,"text":"Reconstituted Wood Product Manufacturing (ANZSIC Code: 1494)","parent":161},{"id":166,"text":"Other Wood Product Manufacturing n.e.c. (ANZSIC Code: 1499)","parent":161},{"id":167,"text":"Pulp, Paper and Converted Paper Product Manufacturing (ANZSIC Code: 15)","parent":100},{"id":168,"text":"Pulp, Paper and Paperboard Manufacturing (ANZSIC Code: 151)","parent":167},{"id":169,"text":"Pulp, Paper and Paperboard Manufacturing (ANZSIC Code: 1510)","parent":168},{"id":170,"text":"Converted Paper Product Manufacturing (ANZSIC Code: 152)","parent":167},{"id":171,"text":"Corrugated Paperboard and Paperboard Container Manufacturing (ANZSIC Code: 1521)","parent":170},{"id":172,"text":"Paper Bag Manufacturing (ANZSIC Code: 1522)","parent":170},{"id":173,"text":"Paper Stationery Manufacturing (ANZSIC Code: 1523)","parent":170},{"id":174,"text":"Sanitary Paper Product Manufacturing (ANZSIC Code: 1524)","parent":170},{"id":175,"text":"Other Converted Paper Product Manufacturing (ANZSIC Code: 1529)","parent":170},{"id":176,"text":"Printing  (including the Reproduction of Recorded Media) (ANZSIC Code: 16)","parent":100},{"id":177,"text":"Printing and Printing Support Services (ANZSIC Code: 161)","parent":176},{"id":178,"text":"Printing (ANZSIC Code: 1611)","parent":177},{"id":179,"text":"Printing Support Services (ANZSIC Code: 1612)","parent":177},{"id":180,"text":"Reproduction of Recorded Media (ANZSIC Code: 162)","parent":176},{"id":181,"text":"Reproduction of Recorded Media (ANZSIC Code: 1620)","parent":180},{"id":182,"text":"Petroleum and Coal Product Manufacturing (ANZSIC Code: 17)","parent":100},{"id":183,"text":"Petroleum and Coal Product Manufacturing (ANZSIC Code: 170)","parent":182},{"id":184,"text":"Petroleum Refining and Petroleum Fuel Manufacturing (ANZSIC Code: 1701)","parent":183},{"id":185,"text":"Other Petroleum and Coal Product Manufacturing (ANZSIC Code: 1709)","parent":183},{"id":186,"text":"Basic Chemical and Chemical Product Manufacturing (ANZSIC Code: 18)","parent":100},{"id":187,"text":"Basic Chemical Manufacturing (ANZSIC Code: 181)","parent":186},{"id":188,"text":"Industrial Gas Manufacturing (ANZSIC Code: 1811)","parent":187},{"id":189,"text":"Basic Organic Chemical Manufacturing (ANZSIC Code: 1812)","parent":187},{"id":190,"text":"Basic Inorganic Chemical Manufacturing (ANZSIC Code: 1813)","parent":187},{"id":191,"text":"Basic Polymer Manufacturing (ANZSIC Code: 182)","parent":186},{"id":192,"text":"Synthetic Resin and Synthetic Rubber Manufacturing (ANZSIC Code: 1821)","parent":191},{"id":193,"text":"Other Basic Polymer Manufacturing (ANZSIC Code: 1829)","parent":191},{"id":194,"text":"Fertiliser and Pesticide Manufacturing (ANZSIC Code: 183)","parent":186},{"id":195,"text":"Fertiliser Manufacturing (ANZSIC Code: 1831)","parent":194},{"id":196,"text":"Pesticide Manufacturing (ANZSIC Code: 1832)","parent":194},{"id":197,"text":"Pharmaceutical and Medicinal Product Manufacturing (ANZSIC Code: 184)","parent":186},{"id":198,"text":"Human Pharmaceutical and Medicinal Product Manufacturing (ANZSIC Code: 1841)","parent":197},{"id":199,"text":"Veterinary Pharmaceutical and Medicinal Product Manufacturing (ANZSIC Code: 1842)","parent":197},{"id":200,"text":"Cleaning Compound and Toiletry Preparation Manufacturing (ANZSIC Code: 185)","parent":186},{"id":201,"text":"Cleaning Compound Manufacturing (ANZSIC Code: 1851)","parent":200},{"id":202,"text":"Cosmetic and Toiletry Preparation Manufacturing (ANZSIC Code: 1852)","parent":200},{"id":203,"text":"Other Basic Chemical Product Manufacturing (ANZSIC Code: 189)","parent":186},{"id":204,"text":"Photographic Chemical Product Manufacturing (ANZSIC Code: 1891)","parent":203},{"id":205,"text":"Explosive Manufacturing (ANZSIC Code: 1892)","parent":203},{"id":206,"text":"Other Basic Chemical Product Manufacturing n.e.c. (ANZSIC Code: 1899)","parent":203},{"id":207,"text":"Polymer Product and Rubber Product Manufacturing (ANZSIC Code: 19)","parent":100},{"id":208,"text":"Polymer Product Manufacturing (ANZSIC Code: 191)","parent":207},{"id":209,"text":"Polymer Film and Sheet Packaging Material Manufacturing (ANZSIC Code: 1911)","parent":208},{"id":210,"text":"Rigid and Semi-Rigid Polymer Product Manufacturing (ANZSIC Code: 1912)","parent":208},{"id":211,"text":"Polymer Foam Product Manufacturing (ANZSIC Code: 1913)","parent":208},{"id":212,"text":"Tyre Manufacturing (ANZSIC Code: 1914)","parent":208},{"id":213,"text":"Adhesive Manufacturing (ANZSIC Code: 1915)","parent":208},{"id":214,"text":"Paint and Coatings Manufacturing (ANZSIC Code: 1916)","parent":208},{"id":215,"text":"Other Polymer Product Manufacturing (ANZSIC Code: 1919)","parent":208},{"id":216,"text":"Natural Rubber Product Manufacturing (ANZSIC Code: 192)","parent":207},{"id":217,"text":"Natural Rubber Product Manufacturing (ANZSIC Code: 1920)","parent":216},{"id":218,"text":"Non-Metallic Mineral Product Manufacturing (ANZSIC Code: 20)","parent":100},{"id":219,"text":"Glass and Glass Product Manufacturing (ANZSIC Code: 201)","parent":218},{"id":220,"text":"Glass and Glass Product Manufacturing (ANZSIC Code: 2010)","parent":219},{"id":221,"text":"Ceramic Product Manufacturing (ANZSIC Code: 202)","parent":218},{"id":222,"text":"Clay Brick Manufacturing (ANZSIC Code: 2021)","parent":221},{"id":223,"text":"Other Ceramic Product Manufacturing (ANZSIC Code: 2029)","parent":221},{"id":224,"text":"Cement, Lime, Plaster and Concrete Product Manufacturing (ANZSIC Code: 203)","parent":218},{"id":225,"text":"Cement and Lime Manufacturing (ANZSIC Code: 2031)","parent":224},{"id":226,"text":"Plaster Product Manufacturing (ANZSIC Code: 2032)","parent":224},{"id":227,"text":"Ready-Mixed Concrete Manufacturing (ANZSIC Code: 2033)","parent":224},{"id":228,"text":"Concrete Product Manufacturing (ANZSIC Code: 2034)","parent":224},{"id":229,"text":"Other Non-Metallic Mineral Product Manufacturing (ANZSIC Code: 209)","parent":218},{"id":230,"text":"Other Non-Metallic Mineral Product Manufacturing (ANZSIC Code: 2090)","parent":229},{"id":231,"text":"Primary Metal and Metal Product Manufacturing (ANZSIC Code: 21)","parent":100},{"id":232,"text":"Basic Ferrous Metal Manufacturing (ANZSIC Code: 211)","parent":231},{"id":233,"text":"Iron Smelting and Steel Manufacturing (ANZSIC Code: 2110)","parent":232},{"id":234,"text":"Basic Ferrous Metal Product Manufacturing (ANZSIC Code: 212)","parent":231},{"id":235,"text":"Iron and Steel Casting (ANZSIC Code: 2121)","parent":234},{"id":236,"text":"Steel Pipe and Tube Manufacturing (ANZSIC Code: 2122)","parent":234},{"id":237,"text":"Basic Non-Ferrous Metal Manufacturing (ANZSIC Code: 213)","parent":231},{"id":238,"text":"Alumina Production (ANZSIC Code: 2131)","parent":237},{"id":239,"text":"Aluminium Smelting (ANZSIC Code: 2132)","parent":237},{"id":240,"text":"Copper, Silver, Lead and Zinc Smelting and Refining (ANZSIC Code: 2133)","parent":237},{"id":241,"text":"Other Basic Non-Ferrous Metal Manufacturing (ANZSIC Code: 2139)","parent":237},{"id":242,"text":"Basic Non-Ferrous Metal Product Manufacturing (ANZSIC Code: 214)","parent":231},{"id":243,"text":"Non-Ferrous Metal Casting (ANZSIC Code: 2141)","parent":242},{"id":244,"text":"Aluminium Rolling, Drawing, Extruding (ANZSIC Code: 2142)","parent":242},{"id":245,"text":"Other Basic Non-Ferrous Metal Product Manufacturing (ANZSIC Code: 2149)","parent":242},{"id":246,"text":"Fabricated Metal Product Manufacturing (ANZSIC Code: 22)","parent":100},{"id":247,"text":"Iron and Steel Forging (ANZSIC Code: 221)","parent":246},{"id":248,"text":"Iron and Steel Forging (ANZSIC Code: 2210)","parent":247},{"id":249,"text":"Structural Metal Product Manufacturing (ANZSIC Code: 222)","parent":246},{"id":250,"text":"Structural Steel Fabricating (ANZSIC Code: 2221)","parent":249},{"id":251,"text":"Prefabricated Metal Building Manufacturing (ANZSIC Code: 2222)","parent":249},{"id":252,"text":"Architectural Aluminium Product Manufacturing (ANZSIC Code: 2223)","parent":249},{"id":253,"text":"Metal Roof and Guttering Manufacturing  (except Aluminium) (ANZSIC Code: 2224)","parent":249},{"id":254,"text":"Other Structural Metal Product Manufacturing (ANZSIC Code: 2229)","parent":249},{"id":255,"text":"Metal Container Manufacturing (ANZSIC Code: 223)","parent":246},{"id":256,"text":"Boiler, Tank and Other Heavy Gauge Metal Container Manufacturing (ANZSIC Code: 2231)","parent":255},{"id":257,"text":"Other Metal Container Manufacturing (ANZSIC Code: 2239)","parent":255},{"id":258,"text":"Sheet Metal Product Manufacturing  (except Metal Structural and Container Products) (ANZSIC Code: 224)","parent":246},{"id":259,"text":"Sheet Metal Product Manufacturing  (except Metal Structural and Container (ANZSIC Code: 2240)","parent":258},{"id":260,"text":"Other Fabricated Metal Product Manufacturing (ANZSIC Code: 229)","parent":246},{"id":261,"text":"Spring and Wire Product Manufacturing (ANZSIC Code: 2291)","parent":260},{"id":262,"text":"Nut, Bolt, Screw and Rivet Manufacturing (ANZSIC Code: 2292)","parent":260},{"id":263,"text":"Metal Coating and Finishing (ANZSIC Code: 2293)","parent":260},{"id":264,"text":"Other Fabricated Metal Product Manufacturing n.e.c. (ANZSIC Code: 2299)","parent":260},{"id":265,"text":"Transport Equipment Manufacturing (ANZSIC Code: 23)","parent":100},{"id":266,"text":"Motor Vehicle and Motor Vehicle Part Manufacturing (ANZSIC Code: 231)","parent":265},{"id":267,"text":"Motor Vehicle Manufacturing (ANZSIC Code: 2311)","parent":266},{"id":268,"text":"Motor Vehicle Body and Trailer Manufacturing (ANZSIC Code: 2312)","parent":266},{"id":269,"text":"Automotive Electrical Component Manufacturing (ANZSIC Code: 2313)","parent":266},{"id":270,"text":"Other Motor Vehicle Parts Manufacturing (ANZSIC Code: 2319)","parent":266},{"id":271,"text":"Other Transport Equipment Manufacturing (ANZSIC Code: 239)","parent":265},{"id":272,"text":"Shipbuilding and Repair Services (ANZSIC Code: 2391)","parent":271},{"id":273,"text":"Boatbuilding and Repair Services (ANZSIC Code: 2392)","parent":271},{"id":274,"text":"Railway Rolling Stock Manufacturing and Repair Services (ANZSIC Code: 2393)","parent":271},{"id":275,"text":"Aircraft Manufacturing and Repair Services (ANZSIC Code: 2394)","parent":271},{"id":276,"text":"Other Transport Equipment Manufacturing n.e.c. (ANZSIC Code: 2399)","parent":271},{"id":277,"text":"Machinery and Equipment Manufacturing (ANZSIC Code: 24)","parent":100},{"id":278,"text":"Professional and Scientific Equipment Manufacturing (ANZSIC Code: 241)","parent":277},{"id":279,"text":"Photographic, Optical and Ophthalmic Equipment Manufacturing (ANZSIC Code: 2411)","parent":278},{"id":280,"text":"Medical and Surgical Equipment Manufacturing (ANZSIC Code: 2412)","parent":278},{"id":281,"text":"Other Professional and Scientific Equipment Manufacturing (ANZSIC Code: 2419)","parent":278},{"id":282,"text":"Computer and Electronic Equipment Manufacturing (ANZSIC Code: 242)","parent":277},{"id":283,"text":"Computer and Electronic Office Equipment Manufacturing (ANZSIC Code: 2421)","parent":282},{"id":284,"text":"Communication Equipment Manufacturing (ANZSIC Code: 2422)","parent":282},{"id":285,"text":"Other Electronic Equipment Manufacturing (ANZSIC Code: 2429)","parent":282},{"id":286,"text":"Electrical Equipment Manufacturing (ANZSIC Code: 243)","parent":277},{"id":287,"text":"Electric Cable and Wire Manufacturing (ANZSIC Code: 2431)","parent":286},{"id":288,"text":"Electric Lighting Equipment Manufacturing (ANZSIC Code: 2432)","parent":286},{"id":289,"text":"Other Electrical Equipment Manufacturing (ANZSIC Code: 2439)","parent":286},{"id":290,"text":"Domestic Appliance Manufacturing (ANZSIC Code: 244)","parent":277},{"id":291,"text":"Whiteware Appliance Manufacturing (ANZSIC Code: 2441)","parent":290},{"id":292,"text":"Other Domestic Appliance Manufacturing (ANZSIC Code: 2449)","parent":290},{"id":293,"text":"Pump, Compressor, Heating and Ventilation Equipment Manufacturing (ANZSIC Code: 245)","parent":277},{"id":294,"text":"Pump and Compressor Manufacturing (ANZSIC Code: 2451)","parent":293},{"id":295,"text":"Fixed Space Heating, Cooling and Ventilation Equipment Manufacturing (ANZSIC Code: 2452)","parent":293},{"id":296,"text":"Specialised Machinery and Equipment Manufacturing (ANZSIC Code: 246)","parent":277},{"id":297,"text":"Agricultural Machinery and Equipment Manufacturing (ANZSIC Code: 2461)","parent":296},{"id":298,"text":"Mining and Construction Machinery Manufacturing (ANZSIC Code: 2462)","parent":296},{"id":299,"text":"Machine Tool and Parts Manufacturing (ANZSIC Code: 2463)","parent":296},{"id":300,"text":"Other Specialised Machinery and Equipment Manufacturing (ANZSIC Code: 2469)","parent":296},{"id":301,"text":"Other Machinery and Equipment Manufacturing (ANZSIC Code: 249)","parent":277},{"id":302,"text":"Lifting and Material Handling Equipment Manufacturing (ANZSIC Code: 2491)","parent":301},{"id":303,"text":"Other Machinery and Equipment Manufacturing n.e.c. (ANZSIC Code: 2499)","parent":301},{"id":304,"text":"Furniture and Other Manufacturing (ANZSIC Code: 25)","parent":100},{"id":305,"text":"Furniture Manufacturing (ANZSIC Code: 251)","parent":304},{"id":306,"text":"Wooden Furniture and Upholstered Seat Manufacturing (ANZSIC Code: 2511)","parent":305},{"id":307,"text":"Metal Furniture Manufacturing (ANZSIC Code: 2512)","parent":305},{"id":308,"text":"Mattress Manufacturing (ANZSIC Code: 2513)","parent":305},{"id":309,"text":"Other Furniture Manufacturing (ANZSIC Code: 2519)","parent":305},{"id":310,"text":"Other Manufacturing (ANZSIC Code: 259)","parent":304},{"id":311,"text":"Jewellery and Silverware Manufacturing (ANZSIC Code: 2591)","parent":310},{"id":312,"text":"Toy, Sporting and Recreational Product Manufacturing (ANZSIC Code: 2592)","parent":310},{"id":313,"text":"Other Manufacturing n.e.c. (ANZSIC Code: 2599)","parent":310},{"id":314,"text":"Electricity, Gas, Water and Waste Services (ANZSIC Code: D)","parent":"#"},{"id":315,"text":"Electricity Supply (ANZSIC Code: 26)","parent":314},{"id":316,"text":"Electricity Generation (ANZSIC Code: 261)","parent":315},{"id":317,"text":"Fossil Fuel Electricity Generation (ANZSIC Code: 2611)","parent":316},{"id":318,"text":"Hydro-Electricity Generation (ANZSIC Code: 2612)","parent":316},{"id":319,"text":"Other Electricity Generation (ANZSIC Code: 2619)","parent":316},{"id":320,"text":"Electricity Transmission (ANZSIC Code: 262)","parent":315},{"id":321,"text":"Electricity Transmission (ANZSIC Code: 2620)","parent":320},{"id":322,"text":"Electricity Distribution (ANZSIC Code: 263)","parent":315},{"id":323,"text":"Electricity Distribution (ANZSIC Code: 2630)","parent":322},{"id":324,"text":"On Selling Electricity and Electricity Market Operation (ANZSIC Code: 264)","parent":315},{"id":325,"text":"On Selling Electricity and Electricity Market Operation (ANZSIC Code: 2640)","parent":324},{"id":326,"text":"Gas Supply (ANZSIC Code: 27)","parent":314},{"id":327,"text":"Gas Supply (ANZSIC Code: 270)","parent":326},{"id":328,"text":"Gas Supply (ANZSIC Code: 2700)","parent":327},{"id":329,"text":"Water Supply, Sewerage and Drainage Services (ANZSIC Code: 28)","parent":314},{"id":330,"text":"Water Supply, Sewerage and Drainage Services (ANZSIC Code: 281)","parent":329},{"id":331,"text":"Water Supply (ANZSIC Code: 2811)","parent":330},{"id":332,"text":"Sewerage and Drainage Services (ANZSIC Code: 2812)","parent":330},{"id":333,"text":"Waste Collection, Treatment and Disposal Services (ANZSIC Code: 29)","parent":314},{"id":334,"text":"Waste Collection Services (ANZSIC Code: 291)","parent":333},{"id":335,"text":"Solid Waste Collection Services (ANZSIC Code: 2911)","parent":334},{"id":336,"text":"Other Waste Collection Services (ANZSIC Code: 2919)","parent":334},{"id":337,"text":"Waste Treatment, Disposal and Remediation Services (ANZSIC Code: 292)","parent":333},{"id":338,"text":"Waste Treatment and Disposal Services (ANZSIC Code: 2921)","parent":337},{"id":339,"text":"Waste Remediation and Materials Recovery Services (ANZSIC Code: 2922)","parent":337},{"id":340,"text":"Construction (ANZSIC Code: E)","parent":"#"},{"id":341,"text":"Building Construction (ANZSIC Code: 30)","parent":340},{"id":342,"text":"Residential Building Construction (ANZSIC Code: 301)","parent":341},{"id":343,"text":"House Construction (ANZSIC Code: 3011)","parent":342},{"id":344,"text":"Other Residential Building Construction (ANZSIC Code: 3019)","parent":342},{"id":345,"text":"Non-Residential Building Construction (ANZSIC Code: 302)","parent":341},{"id":346,"text":"Non-Residential Building Construction (ANZSIC Code: 3020)","parent":345},{"id":347,"text":"Heavy and Civil Engineering Construction (ANZSIC Code: 31)","parent":340},{"id":348,"text":"Heavy and Civil Engineering Construction (ANZSIC Code: 310)","parent":347},{"id":349,"text":"Road and Bridge Construction (ANZSIC Code: 3101)","parent":348},{"id":350,"text":"Other Heavy and Civil Engineering Construction (ANZSIC Code: 3109)","parent":348},{"id":351,"text":"Construction Services (ANZSIC Code: 32)","parent":340},{"id":352,"text":"Land Development and Site Preparation Services (ANZSIC Code: 321)","parent":351},{"id":353,"text":"Land Development and Subdivision (ANZSIC Code: 3211)","parent":352},{"id":354,"text":"Site Preparation Services (ANZSIC Code: 3212)","parent":352},{"id":355,"text":"Building Structure Services (ANZSIC Code: 322)","parent":351},{"id":356,"text":"Concreting Services (ANZSIC Code: 3221)","parent":355},{"id":357,"text":"Bricklaying Services (ANZSIC Code: 3222)","parent":355},{"id":358,"text":"Roofing Services (ANZSIC Code: 3223)","parent":355},{"id":359,"text":"Structural Steel Erection Services (ANZSIC Code: 3224)","parent":355},{"id":360,"text":"Building Installation Services (ANZSIC Code: 323)","parent":351},{"id":361,"text":"Plumbing Services (ANZSIC Code: 3231)","parent":360},{"id":362,"text":"Electrical Services (ANZSIC Code: 3232)","parent":360},{"id":363,"text":"Air Conditioning and Heating Services (ANZSIC Code: 3233)","parent":360},{"id":364,"text":"Fire and Security Alarm Installation Services (ANZSIC Code: 3234)","parent":360},{"id":365,"text":"Other Building Installation Services (ANZSIC Code: 3239)","parent":360},{"id":366,"text":"Building Completion Services (ANZSIC Code: 324)","parent":351},{"id":367,"text":"Plastering and Ceiling Services (ANZSIC Code: 3241)","parent":366},{"id":368,"text":"Carpentry Services (ANZSIC Code: 3242)","parent":366},{"id":369,"text":"Tiling and Carpeting Services (ANZSIC Code: 3243)","parent":366},{"id":370,"text":"Painting and Decorating Services (ANZSIC Code: 3244)","parent":366},{"id":371,"text":"Glazing Services (ANZSIC Code: 3245)","parent":366},{"id":372,"text":"Other Construction Services (ANZSIC Code: 329)","parent":351},{"id":373,"text":"Landscape Construction Services (ANZSIC Code: 3291)","parent":372},{"id":374,"text":"Hire of Construction Machinery with Operator (ANZSIC Code: 3292)","parent":372},{"id":375,"text":"Other Construction Services n.e.c. (ANZSIC Code: 3299)","parent":372},{"id":376,"text":"Wholesale Trade (ANZSIC Code: F)","parent":"#"},{"id":377,"text":"Basic Material Wholesaling (ANZSIC Code: 33)","parent":376},{"id":378,"text":"Agricultural Product Wholesaling (ANZSIC Code: 331)","parent":377},{"id":379,"text":"Wool Wholesaling (ANZSIC Code: 3311)","parent":378},{"id":380,"text":"Cereal Grain Wholesaling (ANZSIC Code: 3312)","parent":378},{"id":381,"text":"Other Agricultural Product Wholesaling (ANZSIC Code: 3319)","parent":378},{"id":382,"text":"Mineral, Metal and Chemical Wholesaling (ANZSIC Code: 332)","parent":377},{"id":383,"text":"Petroleum Product Wholesaling (ANZSIC Code: 3321)","parent":382},{"id":384,"text":"Metal and Mineral Wholesaling (ANZSIC Code: 3322)","parent":382},{"id":385,"text":"Industrial and Agricultural Chemical Product Wholesaling (ANZSIC Code: 3323)","parent":382},{"id":386,"text":"Timber and Hardware Goods Wholesaling (ANZSIC Code: 333)","parent":377},{"id":387,"text":"Timber Wholesaling (ANZSIC Code: 3331)","parent":386},{"id":388,"text":"Plumbing Goods Wholesaling (ANZSIC Code: 3332)","parent":386},{"id":389,"text":"Other Hardware Goods Wholesaling (ANZSIC Code: 3339)","parent":386},{"id":390,"text":"Machinery and Equipment Wholesaling (ANZSIC Code: 34)","parent":376},{"id":391,"text":"Specialised Industrial Machinery and Equipment Wholesaling (ANZSIC Code: 341)","parent":390},{"id":392,"text":"Agricultural and Construction Machinery Wholesaling (ANZSIC Code: 3411)","parent":391},{"id":393,"text":"Other Specialised Industrial Machinery and Equipment Wholesaling (ANZSIC Code: 3419)","parent":391},{"id":394,"text":"Other Machinery and Equipment Wholesaling (ANZSIC Code: 349)","parent":390},{"id":395,"text":"Professional and Scientific Goods Wholesaling (ANZSIC Code: 3491)","parent":394},{"id":396,"text":"Computer and Computer Peripheral Wholesaling (ANZSIC Code: 3492)","parent":394},{"id":397,"text":"Telecommunication Goods Wholesaling (ANZSIC Code: 3493)","parent":394},{"id":398,"text":"Other Electrical and Electronic Goods Wholesaling (ANZSIC Code: 3494)","parent":394},{"id":399,"text":"Other Machinery and Equipment Wholesaling n.e.c. (ANZSIC Code: 3499)","parent":394},{"id":400,"text":"Motor Vehicle and Motor Vehicle Parts Wholesaling (ANZSIC Code: 35)","parent":376},{"id":401,"text":"Motor Vehicle and Motor Vehicle Parts Wholesaling (ANZSIC Code: 350)","parent":400},{"id":402,"text":"Car Wholesaling (ANZSIC Code: 3501)","parent":401},{"id":403,"text":"Commercial Vehicle Wholesaling (ANZSIC Code: 3502)","parent":401},{"id":404,"text":"Trailer and Other Motor Vehicle Wholesaling (ANZSIC Code: 3503)","parent":401},{"id":405,"text":"Motor Vehicle New Parts Wholesaling (ANZSIC Code: 3504)","parent":401},{"id":406,"text":"Motor Vehicle Dismantling and Used Parts Wholesaling (ANZSIC Code: 3505)","parent":401},{"id":407,"text":"Grocery, Liquor and Tobacco Product Wholesaling (ANZSIC Code: 36)","parent":376},{"id":408,"text":"Grocery, Liquor and Tobacco Product Wholesaling (ANZSIC Code: 360)","parent":407},{"id":409,"text":"General Line Grocery Wholesaling (ANZSIC Code: 3601)","parent":408},{"id":410,"text":"Meat, Poultry and Smallgoods Wholesaling (ANZSIC Code: 3602)","parent":408},{"id":411,"text":"Dairy Produce Wholesaling (ANZSIC Code: 3603)","parent":408},{"id":412,"text":"Fish and Seafood Wholesaling (ANZSIC Code: 3604)","parent":408},{"id":413,"text":"Fruit and Vegetable Wholesaling (ANZSIC Code: 3605)","parent":408},{"id":414,"text":"Liquor and Tobacco Product Wholesaling (ANZSIC Code: 3606)","parent":408},{"id":415,"text":"Other Grocery Wholesaling (ANZSIC Code: 3609)","parent":408},{"id":416,"text":"Other Goods Wholesaling (ANZSIC Code: 37)","parent":376},{"id":417,"text":"Textile, Clothing and Footwear Wholesaling (ANZSIC Code: 371)","parent":416},{"id":418,"text":"Textile Product Wholesaling (ANZSIC Code: 3711)","parent":417},{"id":419,"text":"Clothing and Footwear Wholesaling (ANZSIC Code: 3712)","parent":417},{"id":420,"text":"Pharmaceutical and Toiletry Goods Wholesaling (ANZSIC Code: 372)","parent":416},{"id":421,"text":"Pharmaceutical and Toiletry Goods Wholesaling (ANZSIC Code: 3720)","parent":420},{"id":422,"text":"Furniture, Floor Covering and Other Goods Wholesaling (ANZSIC Code: 373)","parent":416},{"id":423,"text":"Furniture and Floor Covering Wholesaling (ANZSIC Code: 3731)","parent":422},{"id":424,"text":"Jewellery and Watch Wholesaling (ANZSIC Code: 3732)","parent":422},{"id":425,"text":"Kitchen and Diningware Wholesaling (ANZSIC Code: 3733)","parent":422},{"id":426,"text":"Toy and Sporting Goods Wholesaling (ANZSIC Code: 3734)","parent":422},{"id":427,"text":"Book and Magazine Wholesaling (ANZSIC Code: 3735)","parent":422},{"id":428,"text":"Paper Product Wholesaling (ANZSIC Code: 3736)","parent":422},{"id":429,"text":"Other Goods Wholesaling n.e.c. (ANZSIC Code: 3739)","parent":422},{"id":430,"text":"Commission-Based Wholesaling (ANZSIC Code: 38)","parent":376},{"id":431,"text":"Commission-Based Wholesaling (ANZSIC Code: 380)","parent":430},{"id":432,"text":"Commission-Based Wholesaling (ANZSIC Code: 3800)","parent":431},{"id":433,"text":"Retail Trade (ANZSIC Code: G)","parent":"#"},{"id":434,"text":"Motor Vehicle and Motor Vehicle Parts Retailing (ANZSIC Code: 39)","parent":433},{"id":435,"text":"Motor Vehicle Retailing (ANZSIC Code: 391)","parent":434},{"id":436,"text":"Car Retailing (ANZSIC Code: 3911)","parent":435},{"id":437,"text":"Motor Cycle Retailing (ANZSIC Code: 3912)","parent":435},{"id":438,"text":"Trailer and Other Motor Vehicle Retailing (ANZSIC Code: 3913)","parent":435},{"id":439,"text":"Motor Vehicle Parts and Tyre Retailing (ANZSIC Code: 392)","parent":434},{"id":440,"text":"Motor Vehicle Parts Retailing (ANZSIC Code: 3921)","parent":439},{"id":441,"text":"Tyre Retailing (ANZSIC Code: 3922)","parent":439},{"id":442,"text":"Fuel Retailing (ANZSIC Code: 40)","parent":433},{"id":443,"text":"Fuel Retailing (ANZSIC Code: 400)","parent":442},{"id":444,"text":"Fuel Retailing (ANZSIC Code: 4000)","parent":443},{"id":445,"text":"Food Retailing (ANZSIC Code: 41)","parent":433},{"id":446,"text":"Supermarket and Grocery Stores (ANZSIC Code: 411)","parent":445},{"id":447,"text":"Supermarket and Grocery Stores (ANZSIC Code: 4110)","parent":446},{"id":448,"text":"Specialised Food Retailing (ANZSIC Code: 412)","parent":445},{"id":449,"text":"Fresh Meat, Fish and Poultry Retailing (ANZSIC Code: 4121)","parent":448},{"id":450,"text":"Fruit and Vegetable Retailing (ANZSIC Code: 4122)","parent":448},{"id":451,"text":"Liquor Retailing (ANZSIC Code: 4123)","parent":448},{"id":452,"text":"Other Specialised Food Retailing (ANZSIC Code: 4129)","parent":448},{"id":453,"text":"Other Store-Based Retailing (ANZSIC Code: 42)","parent":433},{"id":454,"text":"Furniture, Floor Coverings, Houseware and Textile Goods Retailing (ANZSIC Code: 421)","parent":453},{"id":455,"text":"Furniture Retailing (ANZSIC Code: 4211)","parent":454},{"id":456,"text":"Floor Coverings Retailing (ANZSIC Code: 4212)","parent":454},{"id":457,"text":"Houseware Retailing (ANZSIC Code: 4213)","parent":454},{"id":458,"text":"Manchester and Other Textile Goods Retailing (ANZSIC Code: 4214)","parent":454},{"id":459,"text":"Electrical and Electronic Goods Retailing (ANZSIC Code: 422)","parent":453},{"id":460,"text":"Electrical, Electronic and Gas Appliance Retailing (ANZSIC Code: 4221)","parent":459},{"id":461,"text":"Computer and Computer Peripheral Retailing (ANZSIC Code: 4222)","parent":459},{"id":462,"text":"Other Electrical and Electronic Goods Retailing (ANZSIC Code: 4229)","parent":459},{"id":463,"text":"Hardware, Building and Garden Supplies Retailing (ANZSIC Code: 423)","parent":453},{"id":464,"text":"Hardware and Building Supplies Retailing (ANZSIC Code: 4231)","parent":463},{"id":465,"text":"Garden Supplies Retailing (ANZSIC Code: 4232)","parent":463},{"id":466,"text":"Recreational Goods Retailing (ANZSIC Code: 424)","parent":453},{"id":467,"text":"Sport and Camping Equipment Retailing (ANZSIC Code: 4241)","parent":466},{"id":468,"text":"Entertainment Media Retailing (ANZSIC Code: 4242)","parent":466},{"id":469,"text":"Toy and Game Retailing (ANZSIC Code: 4243)","parent":466},{"id":470,"text":"Newspaper and Book Retailing (ANZSIC Code: 4244)","parent":466},{"id":471,"text":"Marine Equipment Retailing (ANZSIC Code: 4245)","parent":466},{"id":472,"text":"Clothing, Footwear and Personal Accessory Retailing (ANZSIC Code: 425)","parent":453},{"id":473,"text":"Clothing Retailing (ANZSIC Code: 4251)","parent":472},{"id":474,"text":"Footwear Retailing (ANZSIC Code: 4252)","parent":472},{"id":475,"text":"Watch and Jewellery Retailing (ANZSIC Code: 4253)","parent":472},{"id":476,"text":"Other Personal Accessory Retailing (ANZSIC Code: 4259)","parent":472},{"id":477,"text":"Department Stores (ANZSIC Code: 426)","parent":453},{"id":478,"text":"Department Stores (ANZSIC Code: 4260)","parent":477},{"id":479,"text":"Pharmaceutical and Other Store-Based Retailing (ANZSIC Code: 427)","parent":453},{"id":480,"text":"Pharmaceutical, Cosmetic and Toiletry Goods Retailing (ANZSIC Code: 4271)","parent":479},{"id":481,"text":"Stationery Goods Retailing (ANZSIC Code: 4272)","parent":479},{"id":482,"text":"Antique and Used Goods Retailing (ANZSIC Code: 4273)","parent":479},{"id":483,"text":"Flower Retailing (ANZSIC Code: 4274)","parent":479},{"id":665,"text":"Computer System Design and Related Services (ANZSIC Code: 700)","parent":664},{"id":666,"text":"Computer System Design and Related Services (ANZSIC Code: 7000)","parent":665},{"id":667,"text":"Administrative and Support Services (ANZSIC Code: N)","parent":"#"},{"id":668,"text":"Administrative Services (ANZSIC Code: 72)","parent":667},{"id":669,"text":"Employment Services (ANZSIC Code: 721)","parent":668},{"id":670,"text":"Employment Placement and Recruitment Services (ANZSIC Code: 7211)","parent":669},{"id":671,"text":"Labour Supply Services (ANZSIC Code: 7212)","parent":669},{"id":672,"text":"Travel Agency and Tour Arrangement Services (ANZSIC Code: 722)","parent":668},{"id":673,"text":"Travel Agency and Tour Arrangement Services (ANZSIC Code: 7220)","parent":672},{"id":674,"text":"Other Administrative Services (ANZSIC Code: 729)","parent":668},{"id":675,"text":"Office Administrative Services (ANZSIC Code: 7291)","parent":674},{"id":676,"text":"Document Preparation Services (ANZSIC Code: 7292)","parent":674},{"id":677,"text":"Credit Reporting and Debt Collection Services (ANZSIC Code: 7293)","parent":674},{"id":678,"text":"Call Centre Operation (ANZSIC Code: 7294)","parent":674},{"id":679,"text":"Other Administrative Services n.e.c. (ANZSIC Code: 7299)","parent":674},{"id":680,"text":"Building Cleaning, Pest Control and Other Support Services (ANZSIC Code: 73)","parent":667},{"id":681,"text":"Building Cleaning, Pest Control and Gardening Services (ANZSIC Code: 731)","parent":680},{"id":682,"text":"Building and Other Industrial Cleaning Services (ANZSIC Code: 7311)","parent":681},{"id":683,"text":"Building Pest Control Services (ANZSIC Code: 7312)","parent":681},{"id":684,"text":"Gardening Services (ANZSIC Code: 7313)","parent":681},{"id":685,"text":"Packaging Services (ANZSIC Code: 732)","parent":680},{"id":686,"text":"Packaging Services (ANZSIC Code: 7320)","parent":685},{"id":687,"text":"Public Administration and Safety (ANZSIC Code: O)","parent":"#"},{"id":688,"text":"Public Administration (ANZSIC Code: 75)","parent":687},{"id":689,"text":"Central Government Administration (ANZSIC Code: 751)","parent":688},{"id":690,"text":"Central Government Administration (ANZSIC Code: 7510)","parent":689},{"id":691,"text":"State Government Administration (ANZSIC Code: 752)","parent":688},{"id":692,"text":"State Government Administration (ANZSIC Code: 7520)","parent":691},{"id":693,"text":"Local Government Administration (ANZSIC Code: 753)","parent":688},{"id":694,"text":"Local Government Administration (ANZSIC Code: 7530)","parent":693},{"id":695,"text":"Justice (ANZSIC Code: 754)","parent":688},{"id":696,"text":"Justice (ANZSIC Code: 7540)","parent":695},{"id":697,"text":"Government Representation (ANZSIC Code: 755)","parent":688},{"id":698,"text":"Domestic Government Representation (ANZSIC Code: 7551)","parent":697},{"id":699,"text":"Foreign Government Representation (ANZSIC Code: 7552)","parent":697},{"id":700,"text":"Defence (ANZSIC Code: 76)","parent":687},{"id":701,"text":"Defence (ANZSIC Code: 760)","parent":700},{"id":702,"text":"Defence (ANZSIC Code: 7600)","parent":701},{"id":703,"text":"Public Order, Safety and Regulatory Services (ANZSIC Code: 77)","parent":687},{"id":704,"text":"Public Order and Safety Services (ANZSIC Code: 771)","parent":703},{"id":705,"text":"Police Services (ANZSIC Code: 7711)","parent":704},{"id":706,"text":"Investigation and Security Services (ANZSIC Code: 7712)","parent":704},{"id":707,"text":"Fire Protection and Other Emergency Services (ANZSIC Code: 7713)","parent":704},{"id":708,"text":"Correctional and Detention Services (ANZSIC Code: 7714)","parent":704},{"id":709,"text":"Other Public Order and Safety Services (ANZSIC Code: 7719)","parent":704},{"id":710,"text":"Regulatory Services (ANZSIC Code: 772)","parent":703},{"id":711,"text":"Regulatory Services (ANZSIC Code: 7720)","parent":710},{"id":712,"text":"Education and Training (ANZSIC Code: P)","parent":"#"},{"id":713,"text":"Preschool and School Education (ANZSIC Code: 80)","parent":712},{"id":714,"text":"Preschool Education (ANZSIC Code: 801)","parent":713},{"id":715,"text":"Preschool Education (ANZSIC Code: 8010)","parent":714},{"id":716,"text":"School Education (ANZSIC Code: 802)","parent":713},{"id":717,"text":"Primary Education (ANZSIC Code: 8021)","parent":716},{"id":718,"text":"Secondary Education (ANZSIC Code: 8022)","parent":716},{"id":719,"text":"Combined Primary and Secondary Education (ANZSIC Code: 8023)","parent":716},{"id":720,"text":"Special School Education (ANZSIC Code: 8024)","parent":716},{"id":721,"text":"Tertiary Education (ANZSIC Code: 81)","parent":712},{"id":722,"text":"Tertiary Education (ANZSIC Code: 810)","parent":721},{"id":723,"text":"Technical and Vocational Education and Training (ANZSIC Code: 8101)","parent":722},{"id":724,"text":"Higher Education (ANZSIC Code: 8102)","parent":722},{"id":725,"text":"Adult, Community and Other Education (ANZSIC Code: 82)","parent":712},{"id":726,"text":"Adult, Community and Other Education (ANZSIC Code: 821)","parent":725},{"id":727,"text":"Sports and Physical Recreation Instruction (ANZSIC Code: 8211)","parent":726},{"id":728,"text":"Arts Education (ANZSIC Code: 8212)","parent":726},{"id":729,"text":"Adult, Community and Other Education n.e.c. (ANZSIC Code: 8219)","parent":726},{"id":730,"text":"Educational Support Services (ANZSIC Code: 822)","parent":725},{"id":731,"text":"Educational Support Services (ANZSIC Code: 8220)","parent":730},{"id":732,"text":"Health Care and Social Assistance (ANZSIC Code: Q)","parent":"#"},{"id":733,"text":"Hospitals (ANZSIC Code: 84)","parent":732},{"id":734,"text":"Hospitals (ANZSIC Code: 840)","parent":733},{"id":735,"text":"Hospitals  (Except Psychiatric Hospitals) (ANZSIC Code: 8401)","parent":734},{"id":736,"text":"Psychiatric Hospitals (ANZSIC Code: 8402)","parent":734},{"id":737,"text":"Medical and Other Health Care Services (ANZSIC Code: 85)","parent":732},{"id":738,"text":"Medical Services (ANZSIC Code: 851)","parent":737},{"id":739,"text":"General Practice Medical Services (ANZSIC Code: 8511)","parent":738},{"id":740,"text":"Specialist Medical Services (ANZSIC Code: 8512)","parent":738},{"id":741,"text":"Pathology and Diagnostic Imaging Services (ANZSIC Code: 852)","parent":737},{"id":742,"text":"Pathology and Diagnostic Imaging Services (ANZSIC Code: 8520)","parent":741},{"id":743,"text":"Allied Health Services (ANZSIC Code: 853)","parent":737},{"id":744,"text":"Dental Services (ANZSIC Code: 8531)","parent":743},{"id":745,"text":"Optometry and Optical Dispensing (ANZSIC Code: 8532)","parent":743},{"id":746,"text":"Physiotherapy Services (ANZSIC Code: 8533)","parent":743},{"id":747,"text":"Chiropractic and Osteopathic Services (ANZSIC Code: 8534)","parent":743},{"id":748,"text":"Other Allied Health Services (ANZSIC Code: 8539)","parent":743},{"id":749,"text":"Other Health Care Services (ANZSIC Code: 859)","parent":737},{"id":750,"text":"Ambulance Services (ANZSIC Code: 8591)","parent":749},{"id":751,"text":"Other Health Care Services n.e.c. (ANZSIC Code: 8599)","parent":749},{"id":752,"text":"Residential Care Services (ANZSIC Code: 86)","parent":732},{"id":753,"text":"Residential Care Services (ANZSIC Code: 860)","parent":752},{"id":754,"text":"Aged Care Residential Services (ANZSIC Code: 8601)","parent":753},{"id":755,"text":"Other Residential Care Services (ANZSIC Code: 8609)","parent":753},{"id":756,"text":"Social Assistance Services (ANZSIC Code: 87)","parent":732},{"id":757,"text":"Child Care Services (ANZSIC Code: 871)","parent":756},{"id":758,"text":"Child Care Services (ANZSIC Code: 8710)","parent":757},{"id":759,"text":"Other Social Assistance Services (ANZSIC Code: 879)","parent":756},{"id":760,"text":"Other Social Assistance Services (ANZSIC Code: 8790)","parent":759},{"id":761,"text":"Arts and Recreation Services (ANZSIC Code: R)","parent":"#"},{"id":762,"text":"Heritage Activities (ANZSIC Code: 89)","parent":761},{"id":763,"text":"Museum Operation (ANZSIC Code: 891)","parent":762},{"id":764,"text":"Museum Operation (ANZSIC Code: 8910)","parent":763},{"id":765,"text":"Parks and Gardens Operations (ANZSIC Code: 892)","parent":762},{"id":766,"text":"Zoological and Botanical Gardens Operation (ANZSIC Code: 8921)","parent":765},{"id":767,"text":"Nature Reserves and Conservation Parks Operation (ANZSIC Code: 8922)","parent":765},{"id":768,"text":"Creative and Performing Arts Activities (ANZSIC Code: 90)","parent":761},{"id":769,"text":"Creative and Performing Arts Activities (ANZSIC Code: 900)","parent":768},{"id":770,"text":"Performing Arts Operation (ANZSIC Code: 9001)","parent":769},{"id":771,"text":"Creative Artists, Musicians, Writers and Performers (ANZSIC Code: 9002)","parent":769},{"id":772,"text":"Performing Arts Venue Operation (ANZSIC Code: 9003)","parent":769},{"id":773,"text":"Sports and Recreation Activities (ANZSIC Code: 91)","parent":761},{"id":774,"text":"Sports and Physical Recreation Activities (ANZSIC Code: 911)","parent":773},{"id":775,"text":"Health and Fitness Centres and Gymnasia Operation (ANZSIC Code: 9111)","parent":774},{"id":776,"text":"Sports and Physical Recreation Clubs and Sports Professionals (ANZSIC Code: 9112)","parent":774},{"id":777,"text":"Sports and Physical Recreation Venues, Grounds and Facilities Operation (ANZSIC Code: 9113)","parent":774},{"id":778,"text":"Sports and Physical Recreation Administrative Service (ANZSIC Code: 9114)","parent":774},{"id":779,"text":"Horse and Dog Racing Activities (ANZSIC Code: 912)","parent":773},{"id":780,"text":"Horse and Dog Racing Administration and Track Operation (ANZSIC Code: 9121)","parent":779},{"id":781,"text":"Other Horse and Dog Racing Activities (ANZSIC Code: 9129)","parent":779},{"id":782,"text":"Amusement and Other Recreation Activities (ANZSIC Code: 913)","parent":773},{"id":783,"text":"Amusement Parks and Centres Operation (ANZSIC Code: 9131)","parent":782},{"id":784,"text":"Amusement and Other Recreational Activities n.e.c. (ANZSIC Code: 9139)","parent":782},{"id":785,"text":"Gambling Activities (ANZSIC Code: 92)","parent":761},{"id":786,"text":"Gambling Activities (ANZSIC Code: 920)","parent":785},{"id":787,"text":"Casino Operation (ANZSIC Code: 9201)","parent":786},{"id":788,"text":"Lottery Operation (ANZSIC Code: 9202)","parent":786},{"id":789,"text":"Other Gambling Activities (ANZSIC Code: 9209)","parent":786},{"id":790,"text":"Other Services (ANZSIC Code: S)","parent":"#"},{"id":791,"text":"Repair and Maintenance (ANZSIC Code: 94)","parent":790},{"id":792,"text":"Automotive Repair and Maintenance (ANZSIC Code: 941)","parent":791},{"id":793,"text":"Automotive Electrical Services (ANZSIC Code: 9411)","parent":792},{"id":794,"text":"Automotive Body, Paint and Interior Repair (ANZSIC Code: 9412)","parent":792},{"id":795,"text":"Other Automotive Repair and Maintenance (ANZSIC Code: 9419)","parent":792},{"id":796,"text":"Machinery and Equipment Repair and Maintenance (ANZSIC Code: 942)","parent":791},{"id":797,"text":"Domestic Appliance Repair and Maintenance (ANZSIC Code: 9421)","parent":796},{"id":798,"text":"Electronic  (except Domestic Appliance) and Precision Equipment Repair (ANZSIC Code: 9422)","parent":796},{"id":799,"text":"Other Machinery and Equipment Repair and Maintenance (ANZSIC Code: 9429)","parent":796},{"id":800,"text":"Other Repair and Maintenance (ANZSIC Code: 949)","parent":791},{"id":801,"text":"Clothing and Footwear Repair (ANZSIC Code: 9491)","parent":800},{"id":802,"text":"Other Repair and Maintenance n.e.c. (ANZSIC Code: 9499)","parent":800},{"id":803,"text":"Personal and Other Services (ANZSIC Code: 95)","parent":790},{"id":804,"text":"Personal Care Services (ANZSIC Code: 951)","parent":803},{"id":805,"text":"Hairdressing and Beauty Services (ANZSIC Code: 9511)","parent":804},{"id":806,"text":"Diet and Weight Reduction Centre Operation (ANZSIC Code: 9512)","parent":804},{"id":807,"text":"Funeral, Crematorium and Cemetery Services (ANZSIC Code: 952)","parent":803},{"id":808,"text":"Funeral, Crematorium and Cemetery Services (ANZSIC Code: 9520)","parent":807},{"id":809,"text":"Other Personal Services (ANZSIC Code: 953)","parent":803},{"id":810,"text":"Laundry and Dry-Cleaning Services (ANZSIC Code: 9531)","parent":809},{"id":811,"text":"Photographic Film Processing (ANZSIC Code: 9532)","parent":809},{"id":812,"text":"Parking Services (ANZSIC Code: 9533)","parent":809},{"id":813,"text":"Brothel Keeping and Prostitution Services (ANZSIC Code: 9534)","parent":809},{"id":814,"text":"Other Personal Services n.e.c. (ANZSIC Code: 9539)","parent":809},{"id":815,"text":"Religious Services (ANZSIC Code: 954)","parent":803},{"id":816,"text":"Religious Services (ANZSIC Code: 9540)","parent":815},{"id":817,"text":"Civic, Professional and Other Interest Group Services (ANZSIC Code: 955)","parent":803},{"id":818,"text":"Business and Professional Association Services (ANZSIC Code: 9551)","parent":817},{"id":819,"text":"Labour Association Services (ANZSIC Code: 9552)","parent":817},{"id":820,"text":"Other Interest Group Services n.e.c. (ANZSIC Code: 9559)","parent":817},{"id":821,"text":"Private Households Employing Staff and Undifferentiated Goods- and Service-Producing Activities of Households for Own Use (ANZSIC Code: 96)","parent":790},{"id":822,"text":"Private Households Employing Staff and Undifferentiated Goods- and Service-Producing Activities of Households for Own Use (ANZSIC Code: 960)","parent":821},{"id":823,"text":"Private Households Employing Staff (ANZSIC Code: 9601)","parent":822},{"id":824,"text":"Undifferentiated Goods-Producing Activities of Private Households for Own Use (ANZSIC Code: 9602)","parent":822},{"id":825,"text":"Undifferentiated Service-Producing Activities of Private Households for Own Use (ANZSIC Code: 9603)","parent":822}]
